{"train_steps_per_second":0.014,"_wandb":{"runtime":4088},"train/epoch":0.9963369963369964,"train_runtime":3635.892,"_timestamp":1.7422050094312987e+09,"_step":5,"train_loss":3.0230830977944767,"train/global_step":51,"train/learning_rate":5e-06,"train/loss":2.8536,"train/grad_norm":52.006107330322266,"train_samples_per_second":0.225,"total_flos":3.13450454089728e+14,"_runtime":3634.722485}